"Coach","Year","Rating","Rank"
"Adam Scheier",2013,1548.95198906228,53
"Al Golden",2006,1411.97521171724,130
"Al Golden",2007,1409.62522644975,150
"Al Golden",2008,1426.55443551771,153
"Al Golden",2009,1505.73496508503,78
"Al Golden",2010,1505.22990953002,83
"Al Golden",2011,1501.20522975883,106
"Al Golden",2012,1526.42326788838,77
"Al Golden",2013,1558.37869923241,43
"Al Golden",2014,1516.94858828481,86
"Al Golden",2015,1536.66363359518,62
"Al Groh",2005,1519.16495788417,37
"Al Groh",2006,1494.14776043022,70
"Al Groh",2007,1548.13820120153,35
"Al Groh",2008,1499.54275539324,86
"Al Groh",2009,1462.89351941534,138
"Alex Wood",2014,1471.66874287293,232
"Andy McCollum",2005,1471.04121584566,94
"Art Briles",2005,1488.66805128741,72
"Art Briles",2006,1536.42187444177,38
"Art Briles",2007,1525.01361663751,50
"Art Briles",2008,1482.84589320552,106
"Art Briles",2009,1448.80980192846,157
"Art Briles",2010,1488.89014067516,116
"Art Briles",2011,1564.3532587369,37
"Art Briles",2012,1581.65732629394,27
"Art Briles",2013,1622.98158738214,18
"Art Briles",2014,1662.69821410113,5
"Art Briles",2015,1649.26760627731,9
"Barney Cotton",2014,1528.86935931622,75
"Barry Alvarez",2005,1559.27213248537,13
"Barry Alvarez",2012,1532.72711502828,66
"Barry Alvarez",2014,1594.59520658244,29
"Bill Blankenship",2011,1525.65750888628,63
"Bill Blankenship",2012,1564.02799104782,37
"Bill Blankenship",2013,1471.20768308361,217
"Bill Blankenship",2014,1416.77559191265,292
"Bill Callahan",2005,1539.06018766819,25
"Bill Callahan",2006,1553.10298208252,24
"Bill Callahan",2007,1505.79752696852,68
"Bill Cubit",2005,1516.1714817,42
"Bill Cubit",2006,1516.05334765047,51
"Bill Cubit",2007,1474.33713319728,106
"Bill Cubit",2008,1501.32826221304,82
"Bill Cubit",2009,1460.07238950046,146
"Bill Cubit",2010,1456.0692738044,170
"Bill Cubit",2011,1451.67809382989,201
"Bill Cubit",2012,1414.63907336955,249
"Bill Cubit",2015,1440.28474777743,285
"Bill Curry",2010,1475.20961419948,143
"Bill Curry",2011,1458.02985997556,193
"Bill Curry",2012,1434.58828294525,232
"Bill Doba",2005,1466.25103926238,100
"Bill Doba",2006,1481.48475101672,85
"Bill Doba",2007,1490.17620698955,89
"Bill Lynch",2007,1497.65464229083,81
"Bill Lynch",2008,1432.18076770413,150
"Bill Lynch",2009,1422.46386854127,175
"Bill Lynch",2010,1438.29787956191,186
"Bill O'Brien",2012,1563.70037434074,38
"Bill O'Brien",2013,1553.30378614245,48
"Bill Snyder",2005,1481.33208696937,85
"Bill Snyder",2009,1485.01893730347,109
"Bill Snyder",2010,1490.03759502353,113
"Bill Snyder",2011,1574.10969881154,33
"Bill Snyder",2012,1630.78043470098,13
"Bill Snyder",2013,1616.60583183535,20
"Bill Snyder",2014,1616.2007525087,16
"Bill Snyder",2015,1555.49347363061,48
"Bill Stewart",2007,1579.59719837607,24
"Bill Stewart",2008,1582.27023746391,21
"Bill Stewart",2009,1579.54026108514,23
"Bill Stewart",2010,1585.01781990743,25
"Blake Anderson",2014,1492.09860707186,174
"Blake Anderson",2015,1527.58695370046,76
"Bo Pelini",2008,1560.43594236494,31
"Bo Pelini",2009,1585.05043695529,20
"Bo Pelini",2010,1598.51372105096,19
"Bo Pelini",2011,1605.51868241441,21
"Bo Pelini",2012,1612.07734282436,17
"Bo Pelini",2013,1593.11342944065,26
"Bo Pelini",2014,1577.14915857965,36
"Bob Davie",2012,1428.88561255107,234
"Bob Davie",2013,1399.80965573464,283
"Bob Davie",2014,1405.33885763304,300
"Bob Davie",2015,1447.40102450868,277
"Bob Diaco",2014,1411.48077515936,294
"Bob Diaco",2015,1452.58717493046,273
"Bob Gregory",2013,1509.04459527259,99
"Bob Stoops",2005,1542.41183930547,23
"Bob Stoops",2006,1590.90418704115,13
"Bob Stoops",2007,1611.71271845549,9
"Bob Stoops",2008,1651.3756647728,5
"Bob Stoops",2009,1604.05675305456,16
"Bob Stoops",2010,1657.19682650442,6
"Bob Stoops",2011,1662.1810240913,7
"Bob Stoops",2012,1662.81284557795,7
"Bob Stoops",2013,1682.89851263557,2
"Bob Stoops",2014,1631.88469497616,10
"Bob Stoops",2015,1661.60032178194,7
"Bob Toledo",2007,1456.08648999075,124
"Bob Toledo",2008,1412.70919286849,159
"Bob Toledo",2009,1385.96342310888,190
"Bob Toledo",2010,1394.5175506305,212
"Bob Toledo",2011,1334.09636313763,247
"Bobby ""Bob"" Petrino",2005,1550.59148491979,20
"Bobby ""Bob"" Petrino",2006,1621.91074772701,6
"Bobby ""Bob"" Petrino",2008,1537.32066049157,41
"Bobby ""Bob"" Petrino",2009,1553.79515461097,36
"Bobby ""Bob"" Petrino",2010,1596.66878482883,20
"Bobby ""Bob"" Petrino",2011,1645.6301729234,11
"Bobby ""Bob"" Petrino",2013,1592.61080425833,27
"Bobby ""Bob"" Petrino",2014,1593.31740286449,30
"Bobby ""Bob"" Petrino",2015,1579.39655467075,36
"Bobby Bowden",2005,1515.80876261803,43
"Bobby Bowden",2006,1514.94819133262,52
"Bobby Bowden",2007,1513.58919173304,61
"Bobby Bowden",2008,1554.69543811766,33
"Bobby Bowden",2009,1545.15346465281,42
"Bobby Hauck",2010,1431.9816559322,193
"Bobby Hauck",2011,1395.0946641104,234
"Bobby Hauck",2012,1369.86801500422,267
"Bobby Hauck",2013,1421.67051478989,268
"Bobby Hauck",2014,1368.19528112319,309
"Bobby Johnson",2005,1479.85240826875,87
"Bobby Johnson",2006,1439.88953239021,119
"Bobby Johnson",2007,1446.22471888358,131
"Bobby Johnson",2008,1487.5669786098,102
"Bobby Johnson",2009,1425.75694434905,174
"Bobby Ross",2005,1479.83006463507,88
"Bobby Ross",2006,1423.84832420808,126
"Bobby Wallace",2005,1405.9682425431,123
"Bobby Wilder",2009,NA,NA
"Bobby Wilder",2010,1510,77
"Bobby Wilder",2011,1514.47324771528,74
"Bobby Wilder",2012,1507.82464276299,97
"Bobby Wilder",2013,1476.33346721054,205
"Bobby Wilder",2014,1475.42988534244,224
"Bobby Wilder",2015,1453.56710970443,270
"Brad Lambert",2013,NA,NA
"Brad Lambert",2014,NA,NA
"Brad Lambert",2015,1409.21944635174,312
"Brad Wright",2007,1489.09164233986,92
"Brad Wright",2008,1483.74879710239,104
"Brad Wright",2009,1481.03131312188,116
"Brad Wright",2010,1477.26052149216,139
"Brady Hoke",2005,1477.17338613863,91
"Brady Hoke",2006,1472.61668929281,92
"Brady Hoke",2007,1495.84546934697,84
"Brady Hoke",2008,1562.10260283587,29
"Brady Hoke",2009,1492.76921671144,95
"Brady Hoke",2010,1537.54340959521,47
"Brady Hoke",2011,1612.87489099637,16
"Brady Hoke",2012,1606.99397233921,21
"Brady Hoke",2013,1579.22392914954,32
"Brady Hoke",2014,1535.64745058483,65
"Brent Guy",2005,1453.75470480926,105
"Brent Guy",2006,1384.81083830444,135
"Brent Guy",2007,1370.69745313589,160
"Brent Guy",2008,1380.73143329222,167
"Bret Bielema",2006,1588.56798897004,14
"Bret Bielema",2007,1585.40411700495,21
"Bret Bielema",2008,1550.10377588338,35
"Bret Bielema",2009,1582.24369527513,21
"Bret Bielema",2010,1627.88711535015,10
"Bret Bielema",2011,1649.85270368394,9
"Bret Bielema",2012,1603.46840972544,22
"Bret Bielema",2013,1513.39339023074,94
"Bret Bielema",2014,1529.38137105793,74
"Bret Bielema",2015,1557.4329115874,45
"Brian Cabral",2010,1489.05771296045,115
"Brian Kelly",2005,1509.86586691586,51
"Brian Kelly",2006,1551.37893995001,25
"Brian Kelly",2007,1568.49585855525,27
"Brian Kelly",2008,1598.42372348761,17
"Brian Kelly",2009,1646.02376602466,7
"Brian Kelly",2010,1627.18558619668,11
"Brian Kelly",2011,1606.94166017217,20
"Brian Kelly",2012,1670.7272459521,5
"Brian Kelly",2013,1656.97575468584,7
"Brian Kelly",2014,1619.77169554869,14
"Brian Kelly",2015,1639.93623221837,11
"Brian Polian",2013,1452.19695771893,237
"Brian Polian",2014,1464.01113616435,242
"Brian Polian",2015,1478.50994115133,238
"Brian VanGorder",2006,1489.55235117601,73
"Brian Wright",2013,1490.32805834394,167
"Bronco Mendenhall",2005,1491.76749962629,69
"Bronco Mendenhall",2006,1569.61556625933,21
"Bronco Mendenhall",2007,1608.64175593793,12
"Bronco Mendenhall",2008,1605.41906938412,15
"Bronco Mendenhall",2009,1641.32554118015,11
"Bronco Mendenhall",2010,1586.8680338226,23
"Bronco Mendenhall",2011,1603.43238411131,22
"Bronco Mendenhall",2012,1574.54986340981,32
"Bronco Mendenhall",2013,1565.04096293619,39
"Bronco Mendenhall",2014,1548.69716730426,46
"Bronco Mendenhall",2015,1566.83223908346,40
"Bryan Harsin",2013,1520.60341268171,83
"Bryan Harsin",2014,1607.70943814668,21
"Bryan Harsin",2015,1587.56180131097,29
"Bryan McClendon",2015,1588.66354427213,27
"Butch Davis",2007,1455.24344285936,127
"Butch Davis",2008,1500.09759912799,84
"Butch Davis",2009,1523.09709378294,55
"Butch Davis",2010,1530.3500841176,56
"Butch Jones",2007,1518.26873278023,57
"Butch Jones",2008,1509.40737543641,66
"Butch Jones",2009,1582.00112320213,22
"Butch Jones",2010,1502.15010935085,92
"Butch Jones",2011,1559.33142720221,40
"Butch Jones",2012,1577.5819871149,29
"Butch Jones",2013,1534.04055429221,63
"Butch Jones",2014,1528.17921875389,76
"Butch Jones",2015,1590.13086143292,26
"Carl Pelini",2012,1451.03113180217,223
"Carl Pelini",2013,1463.47852773826,231
"Chad Morris",2015,1444.74358212935,278
"Chan Gailey",2005,1516.17532683052,41
"Chan Gailey",2006,1535.54561689736,40
"Chan Gailey",2007,1521.86667789263,56
"Charley Molnar",2012,1400.80493220312,255
"Charley Molnar",2013,1367.72336174375,293
"Charlie Partridge",2014,1449.348716581,261
"Charlie Partridge",2015,1419.54420951494,306
"Charlie Strong",2010,1497.38723191297,102
"Charlie Strong",2011,1494.21665558185,123
"Charlie Strong",2012,1573.15671923192,33
"Charlie Strong",2013,1634.92005361457,14
"Charlie Strong",2014,1584.16671749145,31
"Charlie Strong",2015,1542.4287258268,57
"Charlie Weatherbie",2005,1496.42668766746,63
"Charlie Weatherbie",2006,1447.36375836711,112
"Charlie Weatherbie",2007,1458.63259375175,122
"Charlie Weatherbie",2008,1432.22908770823,149
"Charlie Weatherbie",2009,1445.88739399872,160
"Charlie Weis",2005,1552.73952078932,18
"Charlie Weis",2006,1591.83242359091,12
"Charlie Weis",2007,1499.48497616614,77
"Charlie Weis",2008,1507.63078269813,69
"Charlie Weis",2009,1505.19425763213,79
"Charlie Weis",2012,1406.31852846045,253
"Charlie Weis",2013,1398.54108542688,284
"Charlie Weis",2014,1396.40560398121,303
"Chip Kelly",2009,1573.89655210812,27
"Chip Kelly",2010,1625.20815163675,12
"Chip Kelly",2011,1664.4741138782,6
"Chip Kelly",2012,1690.2092584014,3
"Chris Ault",2005,1552.41095805644,19
"Chris Ault",2006,1547.956985446,28
"Chris Ault",2007,1503.69927048731,73
"Chris Ault",2008,1500.78265933782,83
"Chris Ault",2009,1525.87575463845,54
"Chris Ault",2010,1609.87002957754,15
"Chris Ault",2011,1569.36374933007,35
"Chris Ault",2012,1541.85906874448,56
"Chris Creighton",2014,1423.24123627509,283
"Chris Creighton",2015,1366.61680045221,328
"Chris Hatcher",2007,1497.26373306081,82
"Chris Hatcher",2008,1480.88019061161,108
"Chris Hatcher",2009,1466.66676337296,134
"Chris Petersen",2006,1600.63098520207,10
"Chris Petersen",2007,1597.62756272593,15
"Chris Petersen",2008,1633.01656776591,8
"Chris Petersen",2009,1681.25583970839,4
"Chris Petersen",2010,1693.02097011755,3
"Chris Petersen",2011,1704.41642684791,1
"Chris Petersen",2012,1690.29646563626,2
"Chris Petersen",2013,1608.6011179335,22
"Chris Petersen",2014,1567.450079594,39
"Chris Petersen",2015,1562.0662371318,42
"Chris Scelfo",2005,1425.23106239562,118
"Chris Scelfo",2006,1425.04101404327,125
"Chris Thomsen",2012,1529.84996883266,73
"Chris Thurmond",2007,1505.06517846086,69
"Chuck Amato",2005,1514.19327729824,47
"Chuck Amato",2006,1463.02292710322,99
"Chuck Long",2006,1457.57208708038,101
"Chuck Long",2007,1435.32620811283,139
"Chuck Long",2008,1405.77897561132,163
"Chuck Martin",2014,1429.66419156694,280
"Chuck Martin",2015,1396.98160678479,320
"Clay Helton",2013,1565.18681066014,38
"Clay Helton",2015,1556.54959954364,46
"Clint Bowen",2014,1453.92001545768,252
"Craig Bohl",2014,1445.42075012411,267
"Craig Bohl",2015,1408.61197999769,313
"Curtis Johnson",2012,1416.6388929807,247
"Curtis Johnson",2013,1438.53086448449,248
"Curtis Johnson",2014,1409.71225356925,297
"Curtis Johnson",2015,1395.0028897926,322
"D.J. Durkin",2014,1527.96680070316,77
"Dabo Swinney",2008,1502.53224073887,78
"Dabo Swinney",2009,1536.40708527406,46
"Dabo Swinney",2010,1502.99193784132,90
"Dabo Swinney",2011,1554.16295804122,41
"Dabo Swinney",2012,1614.70943683472,15
"Dabo Swinney",2013,1635.58406279181,13
"Dabo Swinney",2014,1640.65739082165,8
"Dabo Swinney",2015,1700.39803605157,3
"Dan Enos",2010,1421.04682641753,200
"Dan Enos",2011,1382.25033798731,242
"Dan Enos",2012,1443.6780120957,229
"Dan Enos",2013,1477.65845098499,202
"Dan Enos",2014,1485.69424663996,198
"Dan Hawkins",2005,1533.93590272597,27
"Dan Hawkins",2006,1463.94426775588,98
"Dan Hawkins",2007,1473.60436894171,109
"Dan Hawkins",2008,1464.03100632913,129
"Dan Hawkins",2009,1440.62854769663,164
"Dan Hawkins",2010,1457.25526287091,168
"Dan McCarney",2005,1521.10222400674,34
"Dan McCarney",2006,1470.48419078685,97
"Dan McCarney",2011,1462.57304536546,186
"Dan McCarney",2012,1421.30941284061,240
"Dan McCarney",2013,1499.42082766338,130
"Dan McCarney",2014,1465.52937006253,240
"Dan McCarney",2015,1403.22314476719,317
"Dan Mullen",2009,1489.39674173671,101
"Dan Mullen",2010,1537.33736600663,48
"Dan Mullen",2011,1522.64961667197,67
"Dan Mullen",2012,1539.0825008152,60
"Dan Mullen",2013,1553.22501861116,49
"Dan Mullen",2014,1581.8620751204,32
"Dan Mullen",2015,1593.03098871554,22
"Dana Bible",2012,1493.81073224967,135
"Dana Holgorsen",2011,1567.66818932756,36
"Dana Holgorsen",2012,1535.45895853566,65
"Dana Holgorsen",2013,1484.01060866122,187
"Dana Holgorsen",2014,1516.28273751939,89
"Dana Holgorsen",2015,1553.20895713993,51
"Danny Barret",2015,1396.08927920345,321
"Danny Hope",2009,1486.93861490507,106
"Danny Hope",2010,1461.35281393424,162
"Danny Hope",2011,1491.54423409102,130
"Danny Hope",2012,1479.03678202526,174
"Darrell Dickey",2005,1432.76367604708,116
"Darrell Dickey",2006,1405.87952891014,131
"Darrell Dickey",2015,1527.65021313773,74
"Darrell Hazell",2011,1477.56443806336,165
"Darrell Hazell",2012,1520.45452765003,85
"Darrell Hazell",2013,1426.30725568617,263
"Darrell Hazell",2014,1389.51208098044,304
"Darrell Hazell",2015,1362.05296190723,329
"Dave Baldwin",2014,1540.23523447006,57
"Dave Christensen",2009,1511.1156640514,70
"Dave Christensen",2010,1455.28415876076,173
"Dave Christensen",2011,1501.04191124887,107
"Dave Christensen",2012,1486.86706591893,156
"Dave Christensen",2013,1455.01031546838,236
"Dave Clawson",2009,1488.85520758446,103
"Dave Clawson",2010,1410.95940994858,209
"Dave Clawson",2011,1411.83042869556,228
"Dave Clawson",2012,1468.33225206135,196
"Dave Clawson",2013,1533.28352379485,64
"Dave Clawson",2014,1467.34235972244,238
"Dave Clawson",2015,1430.4830723368,298
"Dave Doeren",2011,1577.78414643906,32
"Dave Doeren",2012,1610.46167476344,18
"Dave Doeren",2013,1497.6045303833,137
"Dave Doeren",2014,1527.36175810562,78
"Dave Doeren",2015,1519.55667576221,88
"Dave Steckel",2011,1540.19962891111,50
"Dave Wannstedt",2005,1485.61259279348,75
"Dave Wannstedt",2006,1482.46500716913,83
"Dave Wannstedt",2007,1477.3857665146,103
"Dave Wannstedt",2008,1536.14833611936,42
"Dave Wannstedt",2009,1568.50665701807,29
"Dave Wannstedt",2010,1556.14710959923,35
"David Bailiff",2005,1500.00046204375,61
"David Bailiff",2006,1488.67233573926,74
"David Bailiff",2007,1439.26469317622,138
"David Bailiff",2008,1527.23146619821,51
"David Bailiff",2009,1450.81825143188,156
"David Bailiff",2010,1438.55474597947,185
"David Bailiff",2011,1431.99780390627,224
"David Bailiff",2012,1477.93849245412,178
"David Bailiff",2013,1534.79619969421,62
"David Bailiff",2014,1544.32852355701,50
"David Bailiff",2015,1499.58880110929,141
"David Beaty",2015,1410.45297350015,310
"David Cutcliffe",2008,1447.76634586437,141
"David Cutcliffe",2009,1458.1936705309,147
"David Cutcliffe",2010,1420.74128054313,201
"David Cutcliffe",2011,1420.93112352661,227
"David Cutcliffe",2012,1439.14850741283,231
"David Cutcliffe",2013,1519.93903644926,84
"David Cutcliffe",2014,1548.09447217448,47
"David Cutcliffe",2015,1527.33223424077,79
"David Elson",2005,1479.21245154911,90
"David Elson",2006,1476.15265857835,89
"David Elson",2007,1445.57234163613,132
"David Elson",2008,1372.66276426083,170
"David Elson",2009,1325.0699578024,194
"David Gunn",2011,1540.25362910988,48
"David Shaw",2011,1594.97238038224,25
"David Shaw",2012,1661.57151714421,8
"David Shaw",2013,1646.00102888774,9
"David Shaw",2014,1612.02257861573,18
"David Shaw",2015,1682.18126240684,5
"Dell McGee",2015,1525.03715636811,83
"Dennis Erickson",2006,1449.66260454181,106
"Dennis Erickson",2007,1544.2693879384,38
"Dennis Erickson",2008,1502.33792020553,79
"Dennis Erickson",2009,1461.03721225114,144
"Dennis Erickson",2010,1469.26153374789,153
"Dennis Erickson",2011,1447.36034240527,211
"Dennis Franchione",2005,1484.26611743875,78
"Dennis Franchione",2006,1530.96971647044,44
"Dennis Franchione",2007,1524.71454177842,51
"Dennis Franchione",2011,1487.79611614972,141
"Dennis Franchione",2012,1439.51518584205,230
"Dennis Franchione",2013,1443.61168105831,242
"Dennis Franchione",2014,1469.64050891995,234
"Dennis Franchione",2015,1413.90815003174,308
"Derek Dooley",2007,1473.83180716174,107
"Derek Dooley",2008,1498.2941623841,88
"Derek Dooley",2009,1455.84015943987,149
"Derek Dooley",2010,1465.67794127795,158
"Derek Dooley",2011,1463.03160497257,185
"Derek Dooley",2012,1476.55928416833,181
"Derek Mason",2014,1439.58089895761,272
"Derek Mason",2015,1424.91325477688,302
"DeWayne Walker",2007,1496.39771374348,83
"DeWayne Walker",2009,1426.60176785728,173
"DeWayne Walker",2010,1389.08421832336,213
"DeWayne Walker",2011,1404.11768772937,229
"DeWayne Walker",2012,1336.79303935852,270
"Dick Tomey",2005,1446.68131349763,109
"Dick Tomey",2006,1502.59326598324,65
"Dick Tomey",2007,1473.79907702692,108
"Dick Tomey",2008,1466.886603991,125
"Dick Tomey",2009,1406.83015236628,181
"Dino Babers",2014,1504.1736854413,112
"Dino Babers",2015,1537.64959411411,61
"Dirk Koetter",2005,1519.82411615039,36
"Dirk Koetter",2006,1513.89969017676,54
"Don Brown",2005,1489.07039877962,71
"Don Brown",2006,1473.34000888189,91
"Don Brown",2007,1472.01630251343,111
"Don Brown",2008,1471.62934388635,118
"Don Strock",2005,1483.86015020544,80
"Don Strock",2006,1376.93675798774,137
"Don Treadwell",2011,1443.43770752538,216
"Don Treadwell",2012,1417.20866071803,245
"Don Treadwell",2013,1337.35104867349,295
"Doug Marrone",2009,1457.65965044851,148
"Doug Marrone",2010,1481.15163792668,133
"Doug Marrone",2011,1463.30381711759,184
"Doug Marrone",2012,1503.42322441975,105
"Doug Martin",2005,1408.5434995126,122
"Doug Martin",2006,1444.57074366961,113
"Doug Martin",2007,1399.77936077157,155
"Doug Martin",2008,1392.24831688738,165
"Doug Martin",2009,1406.80155672497,182
"Doug Martin",2010,1414.82054835351,206
"Doug Martin",2013,1382.12840031455,288
"Doug Martin",2014,1346.02496392007,312
"Doug Martin",2015,1344.65906266168,330
"Ed Orgeron",2005,1445.68618409845,110
"Ed Orgeron",2006,1425.1277053825,124
"Ed Orgeron",2007,1394.9923666888,157
"Ed Orgeron",2013,1552.60667080685,50
"Ellis Johnson",2012,1396.18590965834,257
"Everett Withers",2011,1492.40463593766,126
"Fisher DeBerry",2005,1471.52816037319,93
"Fisher DeBerry",2006,1447.69561603352,109
"Frank Beamer",2005,1579.39634245151,7
"Frank Beamer",2006,1588.488684689,15
"Frank Beamer",2007,1620.92380462224,7
"Frank Beamer",2008,1616.16339360458,11
"Frank Beamer",2009,1631.58625832055,12
"Frank Beamer",2010,1661.60992157025,5
"Frank Beamer",2011,1653.73564763217,8
"Frank Beamer",2012,1579.39385559424,28
"Frank Beamer",2013,1563.47255236835,40
"Frank Beamer",2014,1541.72560321627,55
"Frank Beamer",2015,1521.90860555455,84
"Frank Solich",2005,1470.10806271642,96
"Frank Solich",2006,1496.40825936302,69
"Frank Solich",2007,1480.90469946678,99
"Frank Solich",2008,1440.91558726734,145
"Frank Solich",2009,1466.61381399303,135
"Frank Solich",2010,1503.91566979218,86
"Frank Solich",2011,1532.18363475761,56
"Frank Solich",2012,1536.6125943496,64
"Frank Solich",2013,1505.01946083212,107
"Frank Solich",2014,1497.36830790496,143
"Frank Solich",2015,1503.96012911774,118
"Frank Spaziani",2006,1560.1140145786,22
"Frank Spaziani",2009,1550.28643030696,39
"Frank Spaziani",2010,1533.13654057099,53
"Frank Spaziani",2011,1496.29924606162,117
"Frank Spaziani",2012,1416.47717165218,248
"Gary Andersen",2009,1462.65084188071,141
"Gary Andersen",2010,1440.86450242675,184
"Gary Andersen",2011,1469.21618007344,176
"Gary Andersen",2012,1562.51810057469,39
"Gary Andersen",2013,1584.51881365743,30
"Gary Andersen",2014,1624.93836119123,13
"Gary Andersen",2015,1497.25069964887,160
"Gary Barnett",2005,1508.72773132368,53
"Gary Darnell",2007,1508.20994774049,67
"Gary Patterson",2005,1587.09848268357,4
"Gary Patterson",2006,1613.37331513153,8
"Gary Patterson",2007,1594.26494126235,19
"Gary Patterson",2008,1628.69217068398,9
"Gary Patterson",2009,1666.15251818546,5
"Gary Patterson",2010,1700.18645891725,1
"Gary Patterson",2011,1686.37565366565,3
"Gary Patterson",2012,1603.43794596598,23
"Gary Patterson",2013,1527.38188020369,70
"Gary Patterson",2014,1629.3996081093,11
"Gary Patterson",2015,1658.84400650037,8
"Gary Pinkel",2005,1509.30130671147,52
"Gary Pinkel",2006,1519.03992906516,47
"Gary Pinkel",2007,1609.67664795736,10
"Gary Pinkel",2008,1603.09140998906,16
"Gary Pinkel",2009,1576.95358906465,25
"Gary Pinkel",2010,1605.53460158698,18
"Gary Pinkel",2011,1595.19212189916,24
"Gary Pinkel",2012,1543.6784785695,52
"Gary Pinkel",2013,1624.64946791827,17
"Gary Pinkel",2014,1647.97665101337,7
"Gary Pinkel",2015,1555.40714576076,49
"Gene Chizik",2007,1467.55504330861,113
"Gene Chizik",2008,1401.07522053119,164
"Gene Chizik",2009,1474.78626394777,126
"Gene Chizik",2010,1614.39714597431,14
"Gene Chizik",2011,1588.86751052192,26
"Gene Chizik",2012,1498.1553013901,121
"George Barlow",2011,1429.93404392762,225
"George O'Leary",2005,1515.51878989228,44
"George O'Leary",2006,1452.49549033591,102
"George O'Leary",2007,1516.21208356746,59
"George O'Leary",2008,1476.12321648655,114
"George O'Leary",2009,1507.49053139692,72
"George O'Leary",2010,1559.04917591818,33
"George O'Leary",2011,1514.46776637395,75
"George O'Leary",2012,1550.69477836568,46
"George O'Leary",2013,1632.21719642184,15
"George O'Leary",2014,1610.86694296834,19
"George O'Leary",2015,1455.37321364188,267
"Glen Mason",2005,1514.82712787884,45
"Glen Mason",2006,1497.49757516551,68
"Greg McMackin",2008,1488.94250388867,99
"Greg McMackin",2009,1477.24005054945,121
"Greg McMackin",2010,1522.50677273843,61
"Greg McMackin",2011,1490.11608823575,134
"Greg Robinson",2005,1422.08103922577,119
"Greg Robinson",2006,1425.29546972415,123
"Greg Robinson",2007,1385.15703816173,159
"Greg Robinson",2008,1384.74995637943,166
"Greg Schiano",2005,1506.57375338603,55
"Greg Schiano",2006,1571.96683556036,18
"Greg Schiano",2007,1554.29931270028,31
"Greg Schiano",2008,1554.2222536964,34
"Greg Schiano",2009,1551.1594942441,37
"Greg Schiano",2010,1469.99318665429,152
"Greg Schiano",2011,1528.58685509084,60
"Gregg Brandon",2005,1504.73015657335,57
"Gregg Brandon",2006,1447.40422783733,111
"Gregg Brandon",2007,1489.32411714043,91
"Gregg Brandon",2008,1481.94062475328,107
"Gus Malzahn",2012,1550.93153060199,44
"Gus Malzahn",2013,1638.96438391312,12
"Gus Malzahn",2014,1597.94787974758,28
"Gus Malzahn",2015,1567.66617915387,39
"Guy Morriss",2005,1483.0770011371,81
"Guy Morriss",2006,1452.03400839269,104
"Guy Morriss",2007,1418.13942078973,148
"Hal Clay Mumme",2005,1386.43091072839,124
"Hal Clay Mumme",2006,1382.76048651197,136
"Hal Clay Mumme",2007,1369.81326755272,161
"Hal Clay Mumme",2008,1358.68665577681,175
"Houston Nutt",2005,1470.71173364098,95
"Houston Nutt",2006,1539.82911240568,36
"Houston Nutt",2007,1546.45239546968,36
"Houston Nutt",2008,1575.86991980855,25
"Houston Nutt",2009,1567.69503932775,30
"Houston Nutt",2010,1514.00854956251,71
"Houston Nutt",2011,1441.72390340989,217
"Howard Schnellenberger",2005,1437.2742623721,114
"Howard Schnellenberger",2006,1439.03840784376,121
"Howard Schnellenberger",2007,1494.77672052933,85
"Howard Schnellenberger",2008,1494.68513674823,92
"Howard Schnellenberger",2009,1481.1766958338,115
"Howard Schnellenberger",2010,1433.03779123097,189
"Howard Schnellenberger",2011,1357.67283524251,245
"Hugh Freeze",2011,1540.25362910988,49
"Hugh Freeze",2012,1537.50947079233,62
"Hugh Freeze",2013,1553.66437125051,47
"Hugh Freeze",2014,1576.91721489071,37
"Hugh Freeze",2015,1599.72393422144,19
"J.D. Brookhart",2005,1503.41347563089,58
"J.D. Brookhart",2006,1470.70501019747,96
"J.D. Brookhart",2007,1441.99868511098,136
"J.D. Brookhart",2008,1429.49202222537,152
"J.D. Brookhart",2009,1390.88129355592,189
"Jack Bicknell, Jr.",2005,1526.76619240037,31
"Jack Bicknell, Jr.",2006,1441.21078729706,115
"James Franklin",2011,1488.45868588825,138
"James Franklin",2012,1556.0299142253,42
"James Franklin",2013,1571.78658164775,35
"James Franklin",2014,1546.1706897307,48
"James Franklin",2015,1536.1155104349,63
"Jason Gesser",2012,1408.52765851996,251
"Jeff Bower",2005,1498.26240996617,62
"Jeff Bower",2006,1517.58938433148,49
"Jeff Bower",2007,1497.72450720618,80
"Jeff Brohm",2014,1536.46628504982,63
"Jeff Brohm",2015,1606.795694679,17
"Jeff Genyk",2005,1469.13797669852,97
"Jeff Genyk",2006,1390.50996118818,133
"Jeff Genyk",2007,1395.67264130069,156
"Jeff Genyk",2008,1373.53859582728,169
"Jeff Horton",2010,1462.09927113888,160
"Jeff Jagodzinski",2007,1579.66258890549,23
"Jeff Jagodzinski",2008,1561.63587043075,30
"Jeff Monken",2010,1501.3306780735,97
"Jeff Monken",2011,1496.58904782437,115
"Jeff Monken",2012,1491.9157004375,141
"Jeff Monken",2013,1495.85363968784,145
"Jeff Monken",2014,1467.53929653839,237
"Jeff Monken",2015,1408.58245342575,314
"Jeff Quinn",2006,1546.58037039473,30
"Jeff Quinn",2009,1607.04135373763,14
"Jeff Quinn",2010,1449.1088468111,177
"Jeff Quinn",2011,1395.33849318572,233
"Jeff Quinn",2012,1396.20638932035,256
"Jeff Quinn",2013,1473.1228317703,211
"Jeff Quinn",2014,1456.10861764769,247
"Jeff Stoutland",2010,1516.48115538267,68
"Jeff Tedford",2005,1527.78184311089,30
"Jeff Tedford",2006,1570.09723025452,20
"Jeff Tedford",2007,1532.52817360868,43
"Jeff Tedford",2008,1563.3000265567,28
"Jeff Tedford",2009,1556.35872990497,35
"Jeff Tedford",2010,1512.56745917881,73
"Jeff Tedford",2011,1501.29344762133,105
"Jeff Tedford",2012,1455.90574156665,217
"Jerry Kill",2008,1467.5207379466,123
"Jerry Kill",2009,1466.36953980627,136
"Jerry Kill",2010,1536.14083876095,50
"Jerry Kill",2011,1495.84587537741,118
"Jerry Kill",2012,1474.44836455358,188
"Jerry Kill",2013,1507.62967046697,102
"Jerry Kill",2014,1530.88999305918,72
"Jerry Kill",2015,1513.57865793077,90
"Jerry Moore",2005,1491.94230502292,67
"Jerry Moore",2006,1504.54235236804,63
"Jerry Moore",2007,1504.95100449846,70
"Jerry Moore",2008,1506.56262241299,71
"Jerry Moore",2009,1505.03081922582,80
"Jerry Moore",2010,1487.50488328882,121
"Jerry Moore",2011,1494.70206877232,121
"Jerry Moore",2012,1496.01536728201,128
"Jim Chaney",2012,1495.79903033223,129
"Jim Grobe",2005,1476.41797883735,92
"Jim Grobe",2006,1559.68678974064,23
"Jim Grobe",2007,1585.36363698021,22
"Jim Grobe",2008,1579.46168488722,22
"Jim Grobe",2009,1520.58250189681,58
"Jim Grobe",2010,1454.66176744518,174
"Jim Grobe",2011,1462.46732277144,187
"Jim Grobe",2012,1445.9922947841,227
"Jim Grobe",2013,1433.04588063194,257
"Jim Harbaugh",2007,1462.55313828375,117
"Jim Harbaugh",2008,1466.80478450986,126
"Jim Harbaugh",2009,1518.44290557966,60
"Jim Harbaugh",2010,1606.32215787102,17
"Jim Harbaugh",2015,1607.94300043889,16
"Jim Hofher",2005,1421.02800527237,120
"Jim L. Mora",2012,1543.18201325655,53
"Jim L. Mora",2013,1622.335791896,19
"Jim L. Mora",2014,1634.65141908567,9
"Jim L. Mora",2015,1588.20145976158,28
"Jim Leavitt",2005,1489.37238057409,70
"Jim Leavitt",2006,1532.53676967545,42
"Jim Leavitt",2007,1559.44281639214,29
"Jim Leavitt",2008,1546.56930189666,36
"Jim Leavitt",2009,1529.35697514361,51
"Jim McElwain",2012,1454.07988872495,220
"Jim McElwain",2013,1480.93398790085,195
"Jim McElwain",2014,1530.00695457499,73
"Jim McElwain",2015,1591.97651543149,24
"Jim Tressel",2005,1576.88791877994,8
"Jim Tressel",2006,1637.84876035007,2
"Jim Tressel",2007,1647.84475909179,3
"Jim Tressel",2008,1643.48584391845,6
"Jim Tressel",2009,1663.15587929668,6
"Jim Tressel",2010,1694.18616722285,2
"Jimbo Fisher",2010,1566.54029847595,30
"Jimbo Fisher",2011,1578.98324057785,31
"Jimbo Fisher",2012,1616.22083581927,14
"Jimbo Fisher",2013,1679.33055535617,3
"Jimbo Fisher",2014,1706.99088805698,3
"Jimbo Fisher",2015,1673.9899379463,6
"Joe Glenn",2005,1468.79628474517,98
"Joe Glenn",2006,1482.68041307235,82
"Joe Glenn",2007,1465.21260566559,115
"Joe Glenn",2008,1440.20038747612,147
"Joe Kines",2006,1482.45999862871,84
"Joe Novak",2005,1511.65884289549,50
"Joe Novak",2006,1516.11068393008,50
"Joe Novak",2007,1433.92068693959,140
"Joe Paterno",2005,1588.41242123107,3
"Joe Paterno",2006,1587.90067448366,17
"Joe Paterno",2007,1600.6889801701,14
"Joe Paterno",2008,1628.38020386252,10
"Joe Paterno",2009,1642.69922608815,10
"Joe Paterno",2010,1591.95522416462,22
"Joe Paterno",2011,1586.7531589529,27
"Joe Tiller",2005,1495.28580801437,65
"Joe Tiller",2006,1505.22072834892,62
"Joe Tiller",2007,1523.1558395217,54
"Joe Tiller",2008,1479.67830910428,110
"Joey Jones",2009,NA,NA
"Joey Jones",2010,1509.71225631668,78
"Joey Jones",2011,1486.23555605374,146
"Joey Jones",2012,1385.4300289447,264
"Joey Jones",2013,1436.60501920187,251
"Joey Jones",2014,1450.28139365472,259
"Joey Jones",2015,1433.28828179884,292
"John ""Doc"" Holliday",2010,1476.40280133624,140
"John ""Doc"" Holliday",2011,1487.35902311961,144
"John ""Doc"" Holliday",2012,1469.60255669026,194
"John ""Doc"" Holliday",2013,1532.87098059639,65
"John ""Doc"" Holliday",2014,1600.48840572848,26
"John ""Doc"" Holliday",2015,1598.72517416922,20
"John Bonamego",2015,1490.59344684533,198
"John Bunting",2005,1495.5818207492,64
"John Bunting",2006,1443.48745507621,114
"John L. Smith",2005,1488.37327632604,73
"John L. Smith",2006,1457.8077473267,100
"John L. Smith",2012,1466.38428934143,200
"John Mumford",2015,1394.53161026623,323
"John Thompson",2012,1550.93153060199,45
"John Thompson",2013,1547.73191912542,56
"Joker Phillips",2010,1474.98417565679,146
"Joker Phillips",2011,1461.79764091975,188
"Joker Phillips",2012,1389.44165763542,262
"Jon Embree",2011,1451.76734991412,200
"Jon Embree",2012,1407.3401771675,252
"Jon Tenuta",2007,1502.88096260697,75
"June Jones",2005,1482.86501503781,82
"June Jones",2006,1542.48530307352,35
"June Jones",2007,1597.35181072436,16
"June Jones",2008,1462.68118818047,131
"June Jones",2009,1481.83483960268,114
"June Jones",2010,1481.05313581922,134
"June Jones",2011,1512.73606017632,77
"June Jones",2012,1516.10010614323,89
"June Jones",2013,1497.16850794318,138
"June Jones",2014,1417.85020057889,291
"Justin Fuente",2012,1450.59632373102,224
"Justin Fuente",2013,1411.52082994932,277
"Justin Fuente",2014,1516.02156041044,91
"Justin Fuente",2015,1541.22391007196,59
"Karl Dorrell",2005,1569.22267530497,9
"Karl Dorrell",2006,1549.91081300486,26
"Karl Dorrell",2007,1522.29170966181,55
"Keith Patterson",2011,1488.30656704955,139
"Ken Hatfield",2005,1430.05562979166,117
"Ken Niumatalolo",2007,1530.54625008301,45
"Ken Niumatalolo",2008,1527.47834608712,50
"Ken Niumatalolo",2009,1561.3008942884,32
"Ken Niumatalolo",2010,1573.76339217361,27
"Ken Niumatalolo",2011,1516.22066933943,70
"Ken Niumatalolo",2012,1511.04005839051,93
"Ken Niumatalolo",2013,1538.16614900779,59
"Ken Niumatalolo",2014,1545.09476409823,49
"Ken Niumatalolo",2015,1601.45566966404,18
"Kent Baer",2012,1577.53813087042,30
"Kevin Morris",2009,1489.83000948618,99
"Kevin Morris",2010,1483.06637131852,129
"Kevin Morris",2011,1468.60230282226,177
"Kevin Sumlin",2008,1513.3604676035,63
"Kevin Sumlin",2009,1550.43250944365,38
"Kevin Sumlin",2010,1501.80560759401,96
"Kevin Sumlin",2011,1611.12610460698,17
"Kevin Sumlin",2012,1643.69151053218,9
"Kevin Sumlin",2013,1625.20038509301,16
"Kevin Sumlin",2014,1607.51219865645,22
"Kevin Sumlin",2015,1590.41926224508,25
"Kevin Wilson",2011,1397.67117938881,231
"Kevin Wilson",2012,1392.10494271601,261
"Kevin Wilson",2013,1429.05348583506,262
"Kevin Wilson",2014,1426.24374853021,282
"Kevin Wilson",2015,1457.6947127207,263
"Kirk Ferentz",2005,1513.4007994311,49
"Kirk Ferentz",2006,1489.93729244692,72
"Kirk Ferentz",2007,1494.24082332692,86
"Kirk Ferentz",2008,1535.84717708417,43
"Kirk Ferentz",2009,1596.17714719542,19
"Kirk Ferentz",2010,1566.23105975667,31
"Kirk Ferentz",2011,1541.82459371491,45
"Kirk Ferentz",2012,1477.60103113122,179
"Kirk Ferentz",2013,1530.88103058715,67
"Kirk Ferentz",2014,1495.65315801173,155
"Kirk Ferentz",2015,1591.98467251635,23
"Kliff Kingsbury",2013,1529.4588627649,68
"Kliff Kingsbury",2014,1491.73747537424,176
"Kliff Kingsbury",2015,1509.18070513537,102
"Kyle Flood",2012,1537.90959623516,61
"Kyle Flood",2013,1501.82097476548,119
"Kyle Flood",2014,1514.48871518594,94
"Kyle Flood",2015,1457.4692871386,264
"Kyle Whittingham",2005,1517.93955907185,39
"Kyle Whittingham",2006,1528.12125857234,46
"Kyle Whittingham",2007,1579.40573460563,25
"Kyle Whittingham",2008,1652.37895155244,4
"Kyle Whittingham",2009,1642.71317715384,9
"Kyle Whittingham",2010,1646.31421820599,8
"Kyle Whittingham",2011,1617.27124761019,12
"Kyle Whittingham",2012,1544.44566870018,51
"Kyle Whittingham",2013,1488.81799632814,173
"Kyle Whittingham",2014,1553.79429391401,44
"Kyle Whittingham",2015,1586.57969570487,30
"Lance Guidry",2010,1563.0421751815,32
"Lance Guidry",2012,1521.13549656251,84
"Lance Leipold",2015,1463.69890278335,256
"Lane Kiffin",2009,1516.74955257311,64
"Lane Kiffin",2010,1542.67829390456,44
"Lane Kiffin",2011,1615.87800396085,14
"Lane Kiffin",2012,1575.47330951136,31
"Lane Kiffin",2013,1603.29093820124,23
"Larry Blakeney",2005,1467.73767089776,99
"Larry Blakeney",2006,1507.43145610714,59
"Larry Blakeney",2007,1528.99918017539,48
"Larry Blakeney",2008,1526.09829070555,53
"Larry Blakeney",2009,1533.39476914009,47
"Larry Blakeney",2010,1550.95876005776,41
"Larry Blakeney",2011,1454.04073456228,197
"Larry Blakeney",2012,1422.32287206195,238
"Larry Blakeney",2013,1434.3589919115,255
"Larry Blakeney",2014,1422.82654808991,284
"Larry Coker",2005,1561.25419313479,11
"Larry Coker",2006,1549.11309043128,27
"Larry Coker",2011,1509.96593717032,81
"Larry Coker",2012,1502.8205455183,107
"Larry Coker",2013,1512.7814926941,96
"Larry Coker",2014,1468.55506103717,236
"Larry Coker",2015,1422.96141115117,303
"Larry Fedora",2008,1501.50366127528,81
"Larry Fedora",2009,1514.08763001737,66
"Larry Fedora",2010,1530.84188866909,54
"Larry Fedora",2011,1615.41558937004,15
"Larry Fedora",2012,1603.02813713562,24
"Larry Fedora",2013,1574.10812856369,34
"Larry Fedora",2014,1533.30917296034,69
"Larry Fedora",2015,1580.39353537577,34
"Larry Porter",2010,1419.67922714747,203
"Larry Porter",2011,1383.40806542867,241
"Larry Scott",2015,1527.59806392257,75
"Les Miles",2005,1581.59665885261,6
"Les Miles",2006,1632.53321382019,4
"Les Miles",2007,1649.50150582483,2
"Les Miles",2008,1610.90948783473,13
"Les Miles",2009,1606.81895836295,15
"Les Miles",2010,1638.01385981395,9
"Les Miles",2011,1681.53604283865,5
"Les Miles",2012,1666.33096849523,6
"Les Miles",2013,1654.22586455054,8
"Les Miles",2014,1625.87680208241,12
"Les Miles",2015,1638.17560677349,12
"Lloyd Carr",2005,1522.85145530783,33
"Lloyd Carr",2006,1597.8314729927,11
"Lloyd Carr",2007,1603.68110013438,13
"Luke Fickell",2011,1501.66861864577,100
"Mack Brown",2005,1629.84636219504,1
"Mack Brown",2006,1623.179098011,5
"Mack Brown",2007,1614.39519838842,8
"Mack Brown",2008,1665.51641072158,3
"Mack Brown",2009,1699.35174722225,2
"Mack Brown",2010,1593.40318932128,21
"Mack Brown",2011,1584.28567648398,28
"Mack Brown",2012,1613.40969823602,16
"Mack Brown",2013,1597.93530652353,25
"Mario Cristobal",2007,1404.64858736577,152
"Mario Cristobal",2008,1425.49869484842,154
"Mario Cristobal",2009,1406.51295730263,183
"Mario Cristobal",2010,1460.09118869741,165
"Mario Cristobal",2011,1484.02247593531,151
"Mario Cristobal",2012,1421.9584195745,239
"Mark Dantonio",2005,1463.51671068034,101
"Mark Dantonio",2006,1510.28794223344,56
"Mark Dantonio",2007,1515.50986476209,60
"Mark Dantonio",2008,1559.49981641095,32
"Mark Dantonio",2009,1505.8648266334,76
"Mark Dantonio",2010,1586.69006667703,24
"Mark Dantonio",2011,1616.85398009797,13
"Mark Dantonio",2012,1592.15042694627,25
"Mark Dantonio",2013,1665.71437365055,5
"Mark Dantonio",2014,1677.99724773008,4
"Mark Dantonio",2015,1690.45235346275,4
"Mark Helfrich",2013,1587.45821889787,29
"Mark Helfrich",2014,1648.6121071421,6
"Mark Helfrich",2015,1637.8585879683,13
"Mark Hudspeth",2011,1507.95626146937,85
"Mark Hudspeth",2012,1540.74891638735,58
"Mark Hudspeth",2013,1557.78630450253,45
"Mark Hudspeth",2014,1560.20464964569,43
"Mark Hudspeth",2015,1481.30336941319,231
"Mark Hutson",2011,1391.15337616116,237
"Mark Mangino",2005,1514.77226398637,46
"Mark Mangino",2006,1500.12930188485,66
"Mark Mangino",2007,1596.58389659095,18
"Mark Mangino",2008,1576.77093626816,24
"Mark Mangino",2009,1509.69653632043,71
"Mark Richt",2005,1560.80468338766,12
"Mark Richt",2006,1571.49920941923,19
"Mark Richt",2007,1628.46665198384,5
"Mark Richt",2008,1639.8633710591,7
"Mark Richt",2009,1603.59651879415,17
"Mark Richt",2010,1536.15198600137,49
"Mark Richt",2011,1573.69594563351,34
"Mark Richt",2012,1638.22146206797,11
"Mark Richt",2013,1613.01244942789,21
"Mark Richt",2014,1614.0589592147,17
"Mark Richt",2015,1644.66174335192,10
"Mark Snyder",2005,1454.14193508198,104
"Mark Snyder",2006,1440.57349255359,118
"Mark Snyder",2007,1403.51987235897,153
"Mark Snyder",2008,1411.63623434762,161
"Mark Snyder",2009,1441.27157089421,162
"Mark Stoops",2013,1445.85201614038,240
"Mark Stoops",2014,1448.85008328805,262
"Mark Stoops",2015,1454.14899105904,269
"Mark Whipple",2014,1434.14226815738,277
"Mark Whipple",2015,1405.92445581322,316
"Marques Tuiasosopo",2013,1556.581383313,46
"Matt Campbell",2011,1536.00367129224,53
"Matt Campbell",2012,1549.69662980427,47
"Matt Campbell",2013,1548.29825833239,55
"Matt Campbell",2014,1562.03952963965,41
"Matt Campbell",2015,1596.25802807889,21
"Matt Rhule",2013,1432.86569905315,258
"Matt Rhule",2014,1456.37177045828,246
"Matt Rhule",2015,1543.26492637976,56
"Matt Wells",2013,1508.79262677661,101
"Matt Wells",2014,1535.21715081868,66
"Matt Wells",2015,1500.11987727873,137
"Michael Haywood",2009,1407.73674973197,180
"Michael Haywood",2010,1517.65074914268,65
"Mike Bath",2013,1380.79499821226,289
"Mike Bellotti",2005,1559.17174505564,14
"Mike Bellotti",2006,1531.33813703267,43
"Mike Bellotti",2007,1556.94002982034,30
"Mike Bellotti",2008,1596.13746992337,18
"Mike Bobo",2015,1490.80599291837,195
"Mike Canales",2010,1441.2953917001,183
"Mike Canales & Chris Cosh",2015,1422.2418600719,305
"Mike Gundy",2005,1456.3084587511,103
"Mike Gundy",2006,1493.33336471094,71
"Mike Gundy",2007,1500.03750072583,76
"Mike Gundy",2008,1541.96190305074,37
"Mike Gundy",2009,1574.77625583741,26
"Mike Gundy",2010,1621.33066109451,13
"Mike Gundy",2011,1684.19346632608,4
"Mike Gundy",2012,1643.59798746644,10
"Mike Gundy",2013,1642.20731440788,11
"Mike Gundy",2014,1599.07127130676,27
"Mike Gundy",2015,1613.700014695,15
"Mike Hankwitz",2005,1508.72773132368,54
"Mike Johnson",2011,1461.57054866452,189
"Mike Leach",2005,1537.12343770872,26
"Mike Leach",2006,1544.48950707993,31
"Mike Leach",2007,1571.17820534073,26
"Mike Leach",2008,1614.92715257496,12
"Mike Leach",2009,1607.91145093197,13
"Mike Leach",2012,1481.95916849815,170
"Mike Leach",2013,1488.76100919562,174
"Mike Leach",2014,1444.17441614345,268
"Mike Leach",2015,1544.32328311915,55
"Mike Locksley",2009,1418.27637850149,176
"Mike Locksley",2010,1376.84989665752,214
"Mike Locksley",2011,1359.94088113679,244
"Mike Locksley",2015,1416.86479527457,307
"Mike London",2010,1461.43458623823,161
"Mike London",2011,1503.76562014245,93
"Mike London",2012,1476.23068276663,183
"Mike London",2013,1415.23330790273,274
"Mike London",2014,1439.20804772112,273
"Mike London",2015,1427.97948883078,300
"Mike MacIntyre",2010,1411.33441010696,208
"Mike MacIntyre",2011,1426.45667857994,226
"Mike MacIntyre",2012,1539.22334711582,59
"Mike MacIntyre",2013,1449.68495260575,239
"Mike MacIntyre",2014,1403.40042979233,301
"Mike MacIntyre",2015,1401.04822874751,319
"Mike Price",2005,1530.54244236387,29
"Mike Price",2006,1480.58697108691,86
"Mike Price",2007,1429.34477295377,144
"Mike Price",2008,1444.48874802836,144
"Mike Price",2009,1454.1299019962,152
"Mike Price",2010,1459.90671983453,166
"Mike Price",2011,1449.59666383649,206
"Mike Price",2012,1418.06730752831,244
"Mike Riley",2005,1482.41808122626,83
"Mike Riley",2005,1482.41808122626,83
"Mike Riley",2006,1542.97648288578,33
"Mike Riley",2006,1542.97648288578,33
"Mike Riley",2007,1560.3308137447,28
"Mike Riley",2007,1560.3308137447,28
"Mike Riley",2008,1584.38567452065,19
"Mike Riley",2008,1584.38567452065,19
"Mike Riley",2009,1561.31662785786,31
"Mike Riley",2009,1561.31662785786,31
"Mike Riley",2010,1523.59660175798,59
"Mike Riley",2010,1523.59660175798,59
"Mike Riley",2011,1478.91702332559,161
"Mike Riley",2011,1478.91702332559,161
"Mike Riley",2012,1542.1496523649,55
"Mike Riley",2012,1542.1496523649,55
"Mike Riley",2013,1529.05638846918,69
"Mike Riley",2013,1529.05638846918,69
"Mike Riley",2014,1493.56312509837,165
"Mike Riley",2015,1499.24908956076,142
"Mike Sanford",2005,1437.42234068852,113
"Mike Sanford",2006,1389.65587720769,134
"Mike Sanford",2007,1368.92439978963,162
"Mike Sanford",2008,1411.95541391445,160
"Mike Sanford",2009,1435.27625100464,168
"Mike Sewak",2005,1479.72882740101,89
"Mike Sherman",2008,1468.91921311535,121
"Mike Sherman",2009,1484.32222190679,112
"Mike Sherman",2010,1543.97026052448,42
"Mike Sherman",2011,1529.93912815747,58
"Mike Shula",2005,1567.29700674995,10
"Mike Shula",2006,1517.61250650099,48
"Mike Stoops",2005,1452.44717312522,106
"Mike Stoops",2006,1474.43861362001,90
"Mike Stoops",2007,1482.83283524112,97
"Mike Stoops",2008,1521.53911859966,57
"Mike Stoops",2009,1541.87743047547,45
"Mike Stoops",2010,1523.28316947977,60
"Mike Stoops",2011,1489.00117010533,136
"Neal Brown",2015,1451.43234869369,274
"Nick Holt",2005,1436.415008685,115
"Nick L. Saban",2007,1516.65266535812,58
"Nick L. Saban",2008,1610.19403848297,14
"Nick L. Saban",2009,1683.38937982954,3
"Nick L. Saban",2010,1668.2048261176,4
"Nick L. Saban",2011,1700.22909903041,2
"Nick L. Saban",2012,1726.60967487622,1
"Nick L. Saban",2013,1704.94238782181,1
"Nick L. Saban",2014,1709.04273974303,2
"Nick L. Saban",2015,1746.14892586183,1
"Norm Chow",2012,1444.84429269846,228
"Norm Chow",2013,1369.33272026551,292
"Norm Chow",2014,1374.81127021758,308
"Norm Chow",2015,1369.05378730925,326
"Pat Fitzgerald",2006,1479.05038096166,87
"Pat Fitzgerald",2007,1478.66915862974,100
"Pat Fitzgerald",2008,1523.62077240125,56
"Pat Fitzgerald",2009,1532.77176558062,48
"Pat Fitzgerald",2010,1524.63886799174,58
"Pat Fitzgerald",2011,1480.16313519514,158
"Pat Fitzgerald",2012,1546.21916031813,50
"Pat Fitzgerald",2013,1497.13158127473,139
"Pat Fitzgerald",2014,1482.27836771955,205
"Pat Fitzgerald",2015,1556.24317520068,47
"Pat Hill",2005,1513.8977632321,48
"Pat Hill",2006,1471.85405257875,94
"Pat Hill",2007,1524.51960206711,52
"Pat Hill",2008,1511.94387493982,64
"Pat Hill",2009,1518.21709756013,62
"Pat Hill",2010,1517.97985143169,64
"Pat Hill",2011,1457.18165103921,195
"Pat Narduzzi",2015,1511.86060082743,98
"Patrick Higgins",2012,1483.45943757131,167
"Paul Chryst",2012,1488.84020403651,152
"Paul Chryst",2013,1524.01850710335,73
"Paul Chryst",2014,1496.37928482192,151
"Paul Chryst",2015,1583.88020719264,32
"Paul Haynes",2013,1458.84023746602,234
"Paul Haynes",2014,1417.97515256271,290
"Paul Haynes",2015,1385.01449119116,324
"Paul Johnson",2005,1532.8721503966,28
"Paul Johnson",2006,1542.61221450509,34
"Paul Johnson",2007,1553.34413265153,32
"Paul Johnson",2008,1572.87312758169,26
"Paul Johnson",2009,1603.43047095239,18
"Paul Johnson",2010,1529.83979931175,57
"Paul Johnson",2011,1535.84191404942,54
"Paul Johnson",2012,1524.92532409766,78
"Paul Johnson",2013,1513.67131399069,93
"Paul Johnson",2014,1581.17695049354,34
"Paul Johnson",2015,1476.93317551796,241
"Paul Pasqualoni",2011,1468.34698348259,178
"Paul Pasqualoni",2012,1447.50871711433,225
"Paul Pasqualoni",2013,1433.81157713834,256
"Paul Petrino",2013,1406.28065961219,282
"Paul Petrino",2014,1362.2429568835,310
"Paul Petrino",2015,1376.38045025387,325
"Paul Rhoads",2009,1503.63998422467,82
"Paul Rhoads",2010,1484.74224229176,125
"Paul Rhoads",2011,1472.69437376149,171
"Paul Rhoads",2012,1474.71105289285,187
"Paul Rhoads",2013,1457.12825130179,235
"Paul Rhoads",2014,1418.30367578354,288
"Paul Rhoads",2015,1409.80870410786,311
"Paul Wulff",2008,1418.50075016238,156
"Paul Wulff",2009,1374.35944641514,192
"Paul Wulff",2010,1360.14621279434,216
"Paul Wulff",2011,1374.73391698421,243
"Pete Carroll",2005,1597.02078964121,2
"Pete Carroll",2006,1632.96811424675,3
"Pete Carroll",2007,1658.17158355635,1
"Pete Carroll",2008,1685.38291945355,1
"Pete Carroll",2009,1644.82454108734,8
"Pete Kaligis",2012,1486.30905961705,159
"Pete Lembo",2011,1484.62704841869,149
"Pete Lembo",2012,1523.46133655503,80
"Pete Lembo",2013,1550.61430646497,52
"Pete Lembo",2014,1511.54798739574,100
"Pete Lembo",2015,1443.40210247781,280
"Phil Bennett",2005,1485.39717711141,76
"Phil Bennett",2006,1472.25489974941,93
"Phil Bennett",2007,1388.19358400612,158
"Phil Bennett",2010,1488.05506703249,120
"Philip Montgomery",2015,1497.02303194203,163
"Phillip Fulmer",2005,1484.78365413118,77
"Phillip Fulmer",2006,1547.81388725246,29
"Phillip Fulmer",2007,1596.60520705927,17
"Phillip Fulmer",2008,1537.53243118422,40
"Phillip John ""PJ"" Fleck",2013,1409.20586545734,279
"Phillip John ""PJ"" Fleck",2014,1469.154393929,235
"Phillip John ""PJ"" Fleck",2015,1504.53850300554,115
"Ralph Friedgen",2005,1491.80629617201,68
"Ralph Friedgen",2006,1528.67927117766,45
"Ralph Friedgen",2007,1508.2310137648,66
"Ralph Friedgen",2008,1535.01436705771,44
"Ralph Friedgen",2009,1445.71220249133,161
"Ralph Friedgen",2010,1500.05876527445,99
"Randy Edsall",2005,1481.50500007192,84
"Randy Edsall",2006,1449.29192682835,107
"Randy Edsall",2007,1498.12490954659,78
"Randy Edsall",2008,1514.52272504239,62
"Randy Edsall",2009,1527.5480031069,53
"Randy Edsall",2010,1553.35232383978,38
"Randy Edsall",2011,1454.0348226348,198
"Randy Edsall",2012,1425.28069451446,236
"Randy Edsall",2013,1478.28966330627,199
"Randy Edsall",2014,1489.96723646615,184
"Randy Edsall",2015,1444.41441271752,279
"Randy Shannon",2007,1481.78383396808,98
"Randy Shannon",2008,1499.61696680066,85
"Randy Shannon",2009,1542.75083559748,44
"Randy Shannon",2010,1538.6512825414,46
"Randy Walker",2005,1519.05579432026,38
"Reggie Herring",2007,1525.19224932158,49
"Rich Brooks",2005,1448.55833794099,107
"Rich Brooks",2006,1512.1492585369,55
"Rich Brooks",2007,1537.13137194873,39
"Rich Brooks",2008,1524.96489835532,55
"Rich Brooks",2009,1517.28723479826,63
"Rich Ellerson",2009,1467.51361097029,132
"Rich Ellerson",2010,1484.85599575654,124
"Rich Ellerson",2011,1435.76909431327,223
"Rich Ellerson",2012,1395.16407422221,258
"Rich Ellerson",2013,1380.70067249364,290
"Rich Rodriguez",2005,1582.7601178477,5
"Rich Rodriguez",2006,1612.28981255326,9
"Rich Rodriguez",2007,1638.52268417434,4
"Rich Rodriguez",2008,1528.76891824038,48
"Rich Rodriguez",2009,1490.09859939409,98
"Rich Rodriguez",2010,1511.22811554657,74
"Rich Rodriguez",2012,1537.40738532223,63
"Rich Rodriguez",2013,1517.94909581811,86
"Rich Rodriguez",2014,1567.23340486092,40
"Rich Rodriguez",2015,1536.07676298734,64
"Rick Minter",2009,1489.73080971856,100
"Rick Neuheisel",2008,1472.44511302044,117
"Rick Neuheisel",2009,1499.96923594513,88
"Rick Neuheisel",2010,1470.30224532625,150
"Rick Neuheisel",2011,1447.79073590976,209
"Rick Stockstill",2006,1487.06920928228,76
"Rick Stockstill",2007,1474.63711771799,105
"Rick Stockstill",2008,1459.4930066619,134
"Rick Stockstill",2009,1530.22471939487,50
"Rick Stockstill",2010,1468.25361546437,155
"Rick Stockstill",2011,1396.8793997928,232
"Rick Stockstill",2012,1483.77515930528,166
"Rick Stockstill",2013,1504.56324458692,108
"Rick Stockstill",2014,1477.97929822847,216
"Rick Stockstill",2015,1496.80407542451,165
"Rickey Bustle",2005,1502.20316943294,59
"Rickey Bustle",2006,1483.35773705492,81
"Rickey Bustle",2007,1444.98364140258,133
"Rickey Bustle",2008,1460.50023001431,132
"Rickey Bustle",2009,1461.86328599844,143
"Rickey Bustle",2010,1432.25556185395,192
"Rob Ianello",2010,1400.32440269147,211
"Rob Ianello",2011,1337.71024221373,246
"Robb Akey",2007,1401.5140909893,154
"Robb Akey",2008,1362.89593743074,173
"Robb Akey",2009,1451.39672324016,154
"Robb Akey",2010,1456.1340984813,169
"Robb Akey",2011,1387.6589632841,239
"Robb Akey",2012,1348.84829149882,269
"Robbie Caldwell",2010,1433.27402463261,188
"Rocky Long",2005,1505.39128329776,56
"Rocky Long",2006,1498.64146398392,67
"Rocky Long",2007,1530.62231915157,44
"Rocky Long",2008,1480.20109039083,109
"Rocky Long",2011,1515.71783945159,72
"Rocky Long",2012,1548.9823333189,48
"Rocky Long",2013,1570.69714832909,36
"Rocky Long",2014,1532.66668325307,71
"Rocky Long",2015,1576.75151732833,37
"Rod Carey",2012,1569.26552382059,34
"Rod Carey",2013,1592.03923232578,28
"Rod Carey",2014,1605.155386157,24
"Rod Carey",2015,1565.06442028641,41
"Ron Caragher",2013,1485.08630492848,184
"Ron Caragher",2014,1420.49229499257,286
"Ron Caragher",2015,1441.31357509393,282
"Ron English",2009,1382.7887765019,191
"Ron English",2010,1355.71612188463,218
"Ron English",2011,1384.24137316724,240
"Ron English",2012,1364.62567342108,268
"Ron English",2013,1342.14481134167,294
"Ron Prince",2006,1502.78911961645,64
"Ron Prince",2007,1475.96909434452,104
"Ron Prince",2008,1462.73936888112,130
"Ron Turner",2013,1416.34738151257,273
"Ron Turner",2014,1408.37071615991,298
"Ron Turner",2015,1428.10819810855,299
"Ron Zook",2005,1439.2715052594,112
"Ron Zook",2006,1390.58423784924,132
"Ron Zook",2007,1487.13228723477,94
"Ron Zook",2008,1474.18418923258,115
"Ron Zook",2009,1430.64227892087,170
"Ron Zook",2010,1469.15377640589,154
"Ron Zook",2011,1491.61184548147,129
"Ruffin McNeill",2009,1546.54718669782,40
"Ruffin McNeill",2010,1503.67036258603,88
"Ruffin McNeill",2011,1478.49679744523,163
"Ruffin McNeill",2012,1506.9754260124,99
"Ruffin McNeill",2013,1561.69107864783,42
"Ruffin McNeill",2014,1543.68146330929,51
"Ruffin McNeill",2015,1506.40545723272,109
"Scott Satterfield",2013,1502.73181339912,114
"Scott Satterfield",2014,1516.12324442894,90
"Scott Satterfield",2015,1585.54027798269,31
"Scott Shafer",2013,1521.80047660402,81
"Scott Shafer",2014,1460.11316643265,244
"Scott Shafer",2015,1440.07604312262,286
"Sean Kugler",2013,1425.35928322382,264
"Sean Kugler",2014,1464.05698782574,241
"Sean Kugler",2015,1455.65960292494,266
"Shane Montgomery",2005,1523.43426799809,32
"Shane Montgomery",2006,1439.85229108875,120
"Shane Montgomery",2007,1449.95175212036,129
"Shane Montgomery",2008,1380.71990307911,168
"Shawn Elliott",2015,1472.6579916143,244
"Skip Holtz",2005,1480.51695817972,86
"Skip Holtz",2006,1508.07770627072,58
"Skip Holtz",2007,1529.05148371635,47
"Skip Holtz",2008,1537.60368893864,39
"Skip Holtz",2009,1556.94906516605,34
"Skip Holtz",2010,1554.77585468982,36
"Skip Holtz",2011,1492.64555597132,125
"Skip Holtz",2012,1429.6864351259,233
"Skip Holtz",2013,1410.58903063072,278
"Skip Holtz",2014,1490.65223430561,181
"Skip Holtz",2015,1539.87727646026,60
"Sonny Dykes",2010,1478.07568012869,136
"Sonny Dykes",2011,1504.69036264528,91
"Sonny Dykes",2012,1541.0493727138,57
"Sonny Dykes",2013,1417.68682307276,271
"Sonny Dykes",2014,1437.0775346085,276
"Sonny Dykes",2015,1493.23897384229,186
"Sonny Lubick",2005,1492.79632025397,66
"Sonny Lubick",2006,1447.86207694102,108
"Sonny Lubick",2007,1421.13712823577,147
"Stan Brock",2007,1424.45412874873,145
"Stan Brock",2008,1408.28723420097,162
"Stan Parrish",2008,1564.28560506132,27
"Stan Parrish",2009,1462.76122028504,140
"Stan Parrish",2010,1430.56027690508,194
"Stan Parrish",2013,1394.90490422119,285
"Steve Addazio",2011,1514.84584781525,73
"Steve Addazio",2012,1464.06682147366,202
"Steve Addazio",2013,1469.45689240084,223
"Steve Addazio",2014,1486.11578850754,196
"Steve Addazio",2015,1431.66970651674,296
"Steve Fairchild",2008,1507.27442477547,70
"Steve Fairchild",2009,1439.93621563866,165
"Steve Fairchild",2010,1406.06388309,210
"Steve Fairchild",2011,1393.29468209954,236
"Steve Kragthorpe",2005,1545.91448541912,22
"Steve Kragthorpe",2006,1535.18855108562,41
"Steve Kragthorpe",2007,1508.31060576382,65
"Steve Kragthorpe",2008,1478.16744230818,112
"Steve Kragthorpe",2009,1448.25691581191,158
"Steve Roberts",2005,1486.24192870439,74
"Steve Roberts",2006,1484.72408041604,80
"Steve Roberts",2007,1466.65143638069,114
"Steve Roberts",2008,1464.81805030107,128
"Steve Roberts",2009,1428.99108127862,172
"Steve Roberts",2010,1428.23605502133,197
"Steve Sarkisian",2009,1488.91314482237,102
"Steve Sarkisian",2010,1517.42380380503,66
"Steve Sarkisian",2011,1521.64093213504,68
"Steve Sarkisian",2012,1527.02523160743,76
"Steve Sarkisian",2013,1570.56833353458,37
"Steve Sarkisian",2014,1601.31983844256,25
"Steve Sarkisian",2015,1583.15728209056,33
"Steve Spurrier",2005,1517.44687581182,40
"Steve Spurrier",2006,1535.90362874161,39
"Steve Spurrier",2007,1503.58946379769,74
"Steve Spurrier",2008,1495.23018057129,91
"Steve Spurrier",2009,1506.21273495224,74
"Steve Spurrier",2010,1541.01887652632,45
"Steve Spurrier",2011,1601.87994687532,23
"Steve Spurrier",2012,1636.89541489598,12
"Steve Spurrier",2013,1662.86474198508,6
"Steve Spurrier",2014,1609.02872467571,20
"Steve Spurrier",2015,1529.54973546391,72
"Steve Stripling",2009,1577.13406562185,24
"Steve Stripling",2012,1568.7916212575,35
"Sylvester ""Sly"" Croom",2005,1447.19102240643,108
"Sylvester ""Sly"" Croom",2006,1417.91466873511,128
"Sylvester ""Sly"" Croom",2007,1461.37286233666,118
"Sylvester ""Sly"" Croom",2008,1449.21574493502,140
"T.J. Weist",2013,1462.94792666006,232
"Ted Roof",2005,1413.17807496566,121
"Ted Roof",2006,1349.95257329787,138
"Ted Roof",2007,1322.79440066976,163
"Terry Bowden",2012,1387.74961514271,263
"Terry Bowden",2013,1424.27457383959,265
"Terry Bowden",2014,1418.01621751064,289
"Terry Bowden",2015,1472.73606453387,243
"Terry Hoeppner",2005,1462.39223352386,102
"Terry Hoeppner",2006,1471.51331639239,95
"Tim Beckman",2009,1467.67943792481,131
"Tim Beckman",2010,1491.4116301543,110
"Tim Beckman",2011,1531.40947552767,57
"Tim Beckman",2012,1424.94802650983,237
"Tim Beckman",2013,1422.59943791433,266
"Tim Beckman",2014,1437.53382418833,275
"Tim Brewster",2007,1423.96350603804,146
"Tim Brewster",2008,1458.45450369947,135
"Tim Brewster",2009,1465.142359929,137
"Tim Brewster",2010,1443.17070388461,182
"Tim DeRuyter",2011,1507.73697748189,86
"Tim DeRuyter",2012,1553.31498220795,43
"Tim DeRuyter",2013,1574.45383039535,33
"Tim DeRuyter",2014,1504.92993329045,111
"Tim DeRuyter",2015,1440.66212283125,284
"Tim Kish",2011,1476.58592464095,166
"Todd Berry",2010,1477.58999719647,138
"Todd Berry",2011,1438.02369988009,221
"Todd Berry",2012,1490.24296163149,148
"Todd Berry",2013,1477.90486793806,201
"Todd Berry",2014,1448.77181034533,263
"Todd Berry",2015,1368.49935494564,327
"Todd Dodge",2007,1412.31244596556,149
"Todd Dodge",2008,1361.07294664621,174
"Todd Dodge",2009,1344.90022242474,193
"Todd Dodge",2010,1358.2210174866,217
"Todd Graham",2006,1508.29183926056,57
"Todd Graham",2007,1551.79638342845,33
"Todd Graham",2008,1583.50363733828,20
"Todd Graham",2009,1518.29547774605,61
"Todd Graham",2010,1568.74607074879,28
"Todd Graham",2011,1524.80379256045,65
"Todd Graham",2012,1542.39587849209,54
"Todd Graham",2013,1601.82681273614,24
"Todd Graham",2014,1617.6569364739,15
"Todd Graham",2015,1545.79771165992,54
"Todd Monken",2013,1388.66163178346,286
"Todd Monken",2014,1385.55893200089,305
"Todd Monken",2015,1477.83691677775,239
"Tom Amstutz",2005,1542.14016326978,24
"Tom Amstutz",2006,1485.8600968454,78
"Tom Amstutz",2007,1460.62553778561,121
"Tom Amstutz",2008,1416.41097412687,157
"Tom Bradley",2011,1540.29894942161,47
"Tom Craft",2005,1484.12881598677,79
"Tom Herman",2015,1614.83653205647,14
"Tom Mason",2014,1419.37587103629,287
"Tom Matukewicz",2010,1552.63310200373,39
"Tom O'Brien",2005,1553.93024086381,17
"Tom O'Brien",2006,1588.15204722769,16
"Tom O'Brien",2007,1529.7584455174,46
"Tom O'Brien",2008,1505.16842260949,73
"Tom O'Brien",2009,1475.84656619412,123
"Tom O'Brien",2010,1530.44451421224,55
"Tom O'Brien",2011,1537.89124250854,52
"Tom O'Brien",2012,1513.38485070401,90
"Tommy Bowden",2005,1546.24861441805,21
"Tommy Bowden",2006,1538.80994835434,37
"Tommy Bowden",2007,1549.86717045021,34
"Tommy Bowden",2008,1529.76790554154,46
"Tommy Tuberville",2005,1554.2011297798,15
"Tommy Tuberville",2006,1613.88127476908,7
"Tommy Tuberville",2007,1609.06375765068,11
"Tommy Tuberville",2008,1540.68369748705,38
"Tommy Tuberville",2010,1552.33016099518,40
"Tommy Tuberville",2011,1502.74772494264,97
"Tommy Tuberville",2012,1531.31974879327,68
"Tommy Tuberville",2013,1562.50847781648,41
"Tommy Tuberville",2014,1581.8283492907,33
"Tommy Tuberville",2015,1550.68087317117,52
"Tommy West",2005,1520.57974608992,35
"Tommy West",2006,1440.78381401756,116
"Tommy West",2007,1451.99745176669,128
"Tommy West",2008,1445.55493737734,143
"Tommy West",2009,1391.96493717916,188
"Tony Levine",2011,1610.25547093238,18
"Tony Levine",2012,1529.09749641954,75
"Tony Levine",2013,1536.82456736683,60
"Tony Levine",2014,1541.0253998147,56
"Tony Sanchez",2015,1436.62210886808,290
"Tracy Claeys",2013,1521.3003883895,82
"Tracy Claeys",2015,1505.77978882707,110
"Trent Miles",2013,1414.37291593047,275
"Trent Miles",2014,1353.64724780924,311
"Trent Miles",2015,1432.38976120454,295
"Troy Calhoun",2007,1523.52126303441,53
"Troy Calhoun",2008,1528.7833457036,47
"Troy Calhoun",2009,1542.91710506257,43
"Troy Calhoun",2010,1566.86923526943,29
"Troy Calhoun",2011,1527.91674237201,61
"Troy Calhoun",2012,1502.14735169103,110
"Troy Calhoun",2013,1414.0619149276,276
"Troy Calhoun",2014,1515.66579223395,93
"Troy Calhoun",2015,1511.85155498309,99
"Turner Gill",2006,1417.80109295729,129
"Turner Gill",2007,1432.05536351978,142
"Turner Gill",2008,1488.54334580322,100
"Turner Gill",2009,1451.26623068962,155
"Turner Gill",2010,1444.54987527003,180
"Turner Gill",2011,1389.22564328092,238
"Tyrone ""Ty"" Willingham",2005,1439.87565379488,111
"Tyrone ""Ty"" Willingham",2006,1451.15689580642,105
"Tyrone ""Ty"" Willingham",2007,1433.59119375428,141
"Tyrone ""Ty"" Willingham",2008,1368.07250372227,171
"Urban Meyer",2005,1554.14238610904,16
"Urban Meyer",2006,1639.53374378333,1
"Urban Meyer",2007,1622.18599555498,6
"Urban Meyer",2008,1678.33270313864,2
"Urban Meyer",2009,1706.28474590427,1
"Urban Meyer",2010,1646.81322449249,7
"Urban Meyer",2012,1677.62836370689,4
"Urban Meyer",2013,1674.64168619324,4
"Urban Meyer",2014,1723.91604818019,1
"Urban Meyer",2015,1729.84500195399,2
"Vic Koenning",2011,1506.65679828291,89
"Walt Harris",2005,1501.28504220974,60
"Walt Harris",2006,1421.44933363815,127
"Will Muschamp",2011,1501.55983229288,102
"Will Muschamp",2012,1587.75446961162,26
"Will Muschamp",2013,1526.93856591724,71
"Will Muschamp",2014,1542.89747484123,53
"Willie Fritz",2014,1532.88598133101,70
"Willie Fritz",2015,1541.75540828263,58
"Willie Taggart",2010,1414.45264581951,207
"Willie Taggart",2011,1475.88943507606,167
"Willie Taggart",2012,1483.87157807781,165
"Willie Taggart",2013,1435.09065531608,253
"Willie Taggart",2014,1427.65879662749,281
"Willie Taggart",2015,1484.91826185511,216
